view,api,permission
set_language,/i18n/setlang/,NO_EXPLICIT_PERMISSION_REQUIRED
redirect_to_default_application_page,/,NO_EXPLICIT_PERMISSION_REQUIRED
CrfFieldLookupValuesAPIView,/api/fields/values,SUBJECT.VIEW
CrfFormDetailView,/crf/forms/<int:form_id>,STUDY_CONFIG.VIEW
CrfFormBuilderView,/crf/forms/<int:form_id>/builder,STUDY_CONFIG.MANAGE
CrfFormBuilderView,/crf/forms/<int:form_id>/fields,STUDY_CONFIG.MANAGE
CrfFieldUpdateView,/crf/fields/<int:field_id>,STUDY_CONFIG.MANAGE
DataCaptureSaveAPIView,/api/studies/<int:study_id>/subjects/<int:subject_id>/events/<int:visit_id>/forms/<int:crf_template_id>/save/,CRF.ENTER
DataCaptureSubmitAPIView,/api/studies/<int:study_id>/subjects/<int:subject_id>/events/<int:visit_id>/forms/<int:crf_template_id>/submit/,CRF.SUBMIT
DataCaptureDeleteDraftAPIView,/api/studies/<int:study_id>/subjects/<int:subject_id>/events/<int:visit_id>/forms/<int:crf_template_id>/delete-draft/,CRF.UPDATE
QueryLifecycleActionAPIView,/api/studies/<int:study_id>/queries/<int:query_id>/<str:action>/,action answer: QUERY.RESPOND; action cancel: QUERY.CANCEL; action close: QUERY.CLOSE; action reopen: QUERY.RETURN; action request_clarification: QUERY.RETURN; action resolve: QUERY.CLOSE
IdentityLoginView,/login/,NO_EXPLICIT_PERMISSION_REQUIRED
IdentityLogoutView,/logout/,NO_EXPLICIT_PERMISSION_REQUIRED
CurrentUserProfileView,/admin/user/me/profile/,NO_EXPLICIT_PERMISSION_REQUIRED
CurrentUserChangePasswordView,/admin/user/me/change-password/,NO_EXPLICIT_PERMISSION_REQUIRED
IdentityUsersView,/users,USER_ACCESS.VIEW
IdentityUserCreateView,/users/create,USER_ACCESS.MANAGE
IdentityUserDetailView,/users/<int:user_id>,USER_ACCESS.VIEW
IdentityUserDeleteView,/users/<int:user_id>/delete,USER_ACCESS.MANAGE
IdentityUserRestoreView,/users/<int:user_id>/restore,USER_ACCESS.MANAGE
IdentityStudyOptionsApiView,/api/studies,STUDY_CONFIG.VIEW
IdentityStudySiteOptionsApiView,/api/studies/sites,STUDY_CONFIG.VIEW; site.view_site_list
IdentitySessionStatusView,/api/session/status,NO_EXPLICIT_PERMISSION_REQUIRED
IdentityUserFirstLoginView,/first-login,NO_EXPLICIT_PERMISSION_REQUIRED
IdentityForgotPasswordView,/forgot-password/,NO_EXPLICIT_PERMISSION_REQUIRED
PasswordResetDoneView,/forgot-password/done/,NO_EXPLICIT_PERMISSION_REQUIRED
IdentityResetPasswordConfirmView,/reset-password/<uidb64>/<token>/,NO_EXPLICIT_PERMISSION_REQUIRED
PasswordResetCompleteView,/reset-password/done/,NO_EXPLICIT_PERMISSION_REQUIRED
DashboardMainView,/dashboard/,dashboard.view_dashboard
StudyListView,/studies,STUDY_CONFIG.VIEW
StudyCreateView,/studies/new,study.create_study
StudyDetailView,/studies/<int:study_id>,STUDY_CONFIG.VIEW
StudyManageRolesView,/studies/<int:study_id>/roles,USER_ACCESS.VIEW
StudyRoleCreateView,/studies/<int:study_id>/roles/create,USER_ACCESS.MANAGE
StudyCrfTemplateImportTemplateView,/studies/<int:study_id>/crftemplates/import,STUDY_CONFIG.MANAGE
StudyCrfTemplateFieldImportTemplateView,/studies/<int:study_id>/crftemplates/fields/import,STUDY_CONFIG.MANAGE
StudyCrfSectionLayoutConfigImportTemplateView,/studies/<int:study_id>/crftemplates/section-layout-configs/import,STUDY_CONFIG.MANAGE
StudyCrfValidationRuleImportTemplateView,/studies/<int:study_id>/crftemplates/validation-rules/import,STUDY_CONFIG.MANAGE
StudyCrfTemplateListView,/studies/<int:study_id>/crftemplates,STUDY_CONFIG.VIEW
StudyEventFormBindingImportTemplateView,/studies/<int:study_id>/eventdefinitions/bindingforms/import,STUDY_CONFIG.MANAGE
StudyFactMappingImportTemplateView,/studies/<int:study_id>/eventdefinitions/factmappings/import,STUDY_CONFIG.MANAGE
StudyEventDefinitionImportTemplateView,/studies/<int:study_id>/eventdefinitions/import,STUDY_CONFIG.MANAGE
StudyEventDefinitionCreateView,/studies/<int:study_id>/eventdefinitions/new,STUDY_CONFIG.MANAGE
StudyEventDefinitionListView,/studies/<int:study_id>/eventdefinitions,STUDY_CONFIG.VIEW
StudyRandomizationView,/studies/<int:study_id>/randomization,STUDY_CONFIG.VIEW
StudyDeleteView,/studies/<int:study_id>/delete,study.delete_study
StudyUpdateView,/studies/<int:study_id>/edit,STUDY_CONFIG.MANAGE
StudyToggleStatusView,/studies/<int:study_id>/toggle-status,study.change_study_status
StudyRandomizationSchemeImportPreviewView,/studies/<int:study_id>/randomization/schemes/import/preview,STUDY_CONFIG.MANAGE
StudyRandomizationSchemeImportCommitView,/studies/<int:study_id>/randomization/schemes/import/commit,STUDY_CONFIG.MANAGE
StudyRandomizationSchemeDeleteView,/studies/<int:study_id>/randomization/schemes/<int:scheme_id>/delete,STUDY_CONFIG.MANAGE
StudyRandomizationArmImportPreviewView,/studies/<int:study_id>/randomization/arms/import/preview,STUDY_CONFIG.MANAGE
StudyRandomizationArmImportCommitView,/studies/<int:study_id>/randomization/arms/import/commit,STUDY_CONFIG.MANAGE
StudyRandomizationArmDeleteView,/studies/<int:study_id>/randomization/arms/<int:arm_id>/delete,STUDY_CONFIG.MANAGE
StudyRandomizationSequencePeriodImportPreviewView,/studies/<int:study_id>/randomization/sequence-periods/import/preview,STUDY_CONFIG.MANAGE
StudyRandomizationSequencePeriodImportCommitView,/studies/<int:study_id>/randomization/sequence-periods/import/commit,STUDY_CONFIG.MANAGE
SiteMembershipOptionsApiView,/api/studies/<int:study_id>/sites/<int:site_id>/memberships,site.view_site_membership_list
SiteListView,/studies/<int:study_id>/sites/,site.view_site_list
SiteCreateView,/studies/<int:study_id>/sites/new,site.create_site
SiteDetailView,/studies/<int:study_id>/sites/<int:site_id>,site.view_site_detail
SiteDeleteView,/studies/<int:study_id>/sites/<int:site_id>/delete,site.delete_site
SubjectListView,/studies/<int:study_id>/subjects/,SUBJECT.VIEW
SubjectCreateView,/studies/<int:study_id>/subjects/create/,SUBJECT.CREATE
SubjectResyncStageView,/studies/<int:study_id>/subjects/<int:subject_id>/resync-stage/,SUBJECT.UPDATE
SubjectFormVerificationVerifyCheckedView,/api/studies/<int:study_id>/subjects/<int:subject_id>/events/<int:visit_id>/forms/<int:crf_template_id>/verification/verify-checked/,SDV.MARK
SubjectFormVerificationReopenView,/api/studies/<int:study_id>/subjects/<int:subject_id>/events/<int:visit_id>/forms/<int:crf_template_id>/verification/reopen/,SDV.MARK
SubjectFormVerificationFinalizePageDataView,/api/studies/<int:study_id>/subjects/<int:subject_id>/events/<int:visit_id>/forms/<int:crf_template_id>/verification/finalize-page-data/,SDV.MARK
SubjectFormVerificationLockPageView,/api/studies/<int:study_id>/subjects/<int:subject_id>/events/<int:visit_id>/forms/<int:crf_template_id>/verification/lock-page/,DATA.LOCK
SubjectFormVerificationQueryThreadView,/api/studies/<int:study_id>/subjects/<int:subject_id>/events/<int:visit_id>/forms/<int:crf_template_id>/verification/query-thread/,SDV.MARK; action cancel: QUERY.CANCEL; action close: QUERY.CLOSE; action reopen: QUERY.RETURN; action request_clarification: QUERY.RETURN; action resolve: QUERY.CLOSE
SubjectFormVerificationOpenQueryView,/api/studies/<int:study_id>/subjects/<int:subject_id>/events/<int:visit_id>/forms/<int:crf_template_id>/verification/open-query/,SDV.MARK
SubjectValidationIssueAcknowledgeView,/api/studies/<int:study_id>/subjects/<int:subject_id>/events/<int:visit_id>/forms/<int:crf_template_id>/validation-issues/acknowledge/,VALIDATION_ISSUE.ACKNOWLEDGE
SubjectAddRepeatingEventInstanceView,/studies/<int:study_id>/subjects/<int:subject_id>/event-definitions/<int:event_definition_id>/add-another/,SUBJECT.UPDATE
SubjectTriggerWorkflowView,/studies/<int:study_id>/subjects/<int:subject_id>/events/<int:event_instance_id>/trigger-workflow/,SUBJECT.UPDATE
SubjectDetailView,/studies/<int:study_id>/subjects/<int:subject_id>/,SUBJECT.VIEW
SubjectEventInstanceFileImportView,/studies/<int:study_id>/subjects/<int:subject_id>/events/<int:event_instance_id>/files/import/,SUBJECT.UPDATE
SubjectEventInstanceFilePreviewView,/studies/<int:study_id>/subjects/<int:subject_id>/events/<int:event_instance_id>/files/,SUBJECT.VIEW
SubjectEventInstanceFileContentView,/studies/<int:study_id>/subjects/<int:subject_id>/events/<int:event_instance_id>/files/<int:file_id>/content/,SUBJECT.VIEW
QueryWorkbenchView,/studies/<int:study_id>/queries/,reconcile.view_dataquery
QueryDetailView,/studies/<int:study_id>/queries/<int:query_id>/,reconcile.view_dataquery
